prompt_id,category,technique,downstream_model,optimizer_model,live,orig_tokens,opt_tokens,tokens_saved,token_reduction_pct,optimizer_overhead_tokens,energy_wh_before,energy_wh_after,energy_wh_optimizer,energy_saved_wh,energy_reduction_pct,cost_usd_before,cost_usd_after,cost_saved_usd,gco2e_saved,quality_score
cv_ml,short,baseline,gpt-4o,gpt-4o-mini,False,22,22,0,0.0,0,0.1709066397034041,0.1709066397034041,0.0,0.0,0.0,0.004555,0.004555,0.0,0.0,1.0
cv_ml,short,rule_based,gpt-4o,gpt-4o-mini,False,22,12,10,45.455,0,0.1709066397034041,0.17043478260869566,0.0,0.0004718570947084555,0.276,0.004555,0.00453,2.499999999999985e-05,0.00018874283788337942,0.938
cv_ml,short,llm_rewrite,gpt-4o,gpt-4o-mini,False,22,11,11,50.0,93,0.1709066397034041,0.1703875968992248,0.0016043141220087628,0.0005190428041793038,0.304,0.004555,0.0045275,2.7499999999999747e-05,0.00020761712167172153,0.935
cv_ml,short,agentic,gpt-4o,gpt-4o-mini,False,22,11,11,50.0,250,0.1709066397034041,0.1703875968992248,0.004407145264577013,0.0005190428041793038,0.304,0.004555,0.0045275,2.7499999999999747e-05,0.00020761712167172153,0.935
cv_ml,short,baseline,gpt-4o-mini,gpt-4o-mini,False,22,22,0,0.0,0,0.03418132794068082,0.03418132794068082,0.0,0.0,0.0,0.00027330000000000003,0.00027330000000000003,0.0,0.0,1.0
cv_ml,short,rule_based,gpt-4o-mini,gpt-4o-mini,False,22,12,10,45.455,0,0.03418132794068082,0.034086956521739126,0.0,9.437141894169665e-05,0.276,0.00027330000000000003,0.0002718,1.5000000000000365e-06,3.774856757667727e-05,0.938
cv_ml,short,llm_rewrite,gpt-4o-mini,gpt-4o-mini,False,22,11,11,50.0,93,0.03418132794068082,0.03407751937984496,0.0016043141220087628,0.00010380856083586076,0.304,0.00027330000000000003,0.00027164999999999996,1.6500000000000672e-06,4.152342433434188e-05,0.935
cv_ml,short,agentic,gpt-4o-mini,gpt-4o-mini,False,22,11,11,50.0,250,0.03418132794068082,0.03407751937984496,0.004407145264577013,0.00010380856083586076,0.304,0.00027330000000000003,0.00027164999999999996,1.6500000000000672e-06,4.152342433434188e-05,0.935
cv_ml,short,baseline,gpt-4.1-mini,gpt-4o-mini,False,22,22,0,0.0,0,0.04272665992585103,0.04272665992585103,0.0,0.0,0.0,0.0007287999999999999,0.0007287999999999999,0.0,0.0,1.0
cv_ml,short,rule_based,gpt-4.1-mini,gpt-4o-mini,False,22,12,10,45.455,0,0.04272665992585103,0.042608695652173914,0.0,0.00011796427367711387,0.276,0.0007287999999999999,0.0007247999999999999,3.999999999999989e-06,4.7185709470844855e-05,0.938
cv_ml,short,llm_rewrite,gpt-4.1-mini,gpt-4o-mini,False,22,11,11,50.0,93,0.04272665992585103,0.0425968992248062,0.0016043141220087628,0.00012976070104482595,0.304,0.0007287999999999999,0.0007243999999999999,4.3999999999999985e-06,5.190428041793038e-05,0.935
cv_ml,short,agentic,gpt-4.1-mini,gpt-4o-mini,False,22,11,11,50.0,250,0.04272665992585103,0.0425968992248062,0.004407145264577013,0.00012976070104482595,0.304,0.0007287999999999999,0.0007243999999999999,4.3999999999999985e-06,5.190428041793038e-05,0.935
cv_ml,short,baseline,gpt-3.5-turbo,gpt-4o-mini,False,22,22,0,0.0,0,0.08545331985170206,0.08545331985170206,0.0,0.0,0.0,0.000686,0.000686,0.0,0.0,1.0
cv_ml,short,rule_based,gpt-3.5-turbo,gpt-4o-mini,False,22,12,10,45.455,0,0.08545331985170206,0.08521739130434783,0.0,0.00023592854735422775,0.276,0.000686,0.000681,5.000000000000013e-06,9.437141894168971e-05,0.938
cv_ml,short,llm_rewrite,gpt-3.5-turbo,gpt-4o-mini,False,22,11,11,50.0,93,0.08545331985170206,0.0851937984496124,0.0016043141220087628,0.0002595214020896519,0.304,0.000686,0.0006805,5.499999999999971e-06,0.00010380856083586076,0.935
cv_ml,short,agentic,gpt-3.5-turbo,gpt-4o-mini,False,22,11,11,50.0,250,0.08545331985170206,0.0851937984496124,0.004407145264577013,0.0002595214020896519,0.304,0.000686,0.0006805,5.499999999999971e-06,0.00010380856083586076,0.935
cv_data,short,baseline,gpt-4o,gpt-4o-mini,False,26,26,0,0.0,0,0.1710953825412875,0.1710953825412875,0.0,0.0,0.0,0.004565,0.004565,0.0,0.0,1.0
cv_data,short,rule_based,gpt-4o,gpt-4o-mini,False,26,24,2,7.692,0,0.1710953825412875,0.1710010111223458,0.0,9.437141894169665e-05,0.055,0.004565,0.00456,4.999999999999796e-06,3.774856757668421e-05,1.0
cv_data,short,llm_rewrite,gpt-4o,gpt-4o-mini,False,26,14,12,46.154,100,0.1710953825412875,0.17052915402763735,0.0018685540950455007,0.0005662285136501521,0.331,0.004565,0.004535,2.9999999999999645e-05,0.00022649140546006363,0.952
cv_data,short,agentic,gpt-4o,gpt-4o-mini,False,26,14,12,46.154,264,0.1710953825412875,0.17052915402763735,0.004737445230872935,0.0005662285136501521,0.331,0.004565,0.004535,2.9999999999999645e-05,0.00022649140546006363,0.952
cv_data,short,baseline,gpt-4o-mini,gpt-4o-mini,False,26,26,0,0.0,0,0.03421907650825749,0.03421907650825749,0.0,0.0,0.0,0.0002739,0.0002739,0.0,0.0,1.0
cv_data,short,rule_based,gpt-4o-mini,gpt-4o-mini,False,26,24,2,7.692,0,0.03421907650825749,0.03420020222446916,0.0,1.8874283788335167e-05,0.055,0.0002739,0.00027360000000000004,2.999999999999531e-07,7.549713515334414e-06,1.0
cv_data,short,llm_rewrite,gpt-4o-mini,gpt-4o-mini,False,26,14,12,46.154,100,0.03421907650825749,0.03410583080552747,0.0018685540950455007,0.00011324570273002488,0.331,0.0002739,0.0002721,1.7999999999999895e-06,4.529828109200995e-05,0.952
cv_data,short,agentic,gpt-4o-mini,gpt-4o-mini,False,26,14,12,46.154,264,0.03421907650825749,0.03410583080552747,0.004737445230872935,0.00011324570273002488,0.331,0.0002739,0.0002721,1.7999999999999895e-06,4.529828109200995e-05,0.952
cv_data,short,baseline,gpt-4.1-mini,gpt-4o-mini,False,26,26,0,0.0,0,0.042773845635321876,0.042773845635321876,0.0,0.0,0.0,0.0007304,0.0007304,0.0,0.0,1.0
cv_data,short,rule_based,gpt-4.1-mini,gpt-4o-mini,False,26,24,2,7.692,0,0.042773845635321876,0.04275025278058645,0.0,2.3592854735424162e-05,0.055,0.0007304,0.0007296000000000001,7.99999999999911e-07,9.437141894171053e-06,1.0
cv_data,short,llm_rewrite,gpt-4.1-mini,gpt-4o-mini,False,26,14,12,46.154,100,0.042773845635321876,0.04263228850690934,0.0018685540950455007,0.00014155712841253804,0.331,0.0007304,0.0007256000000000001,4.7999999999999e-06,5.662285136501591e-05,0.952
cv_data,short,agentic,gpt-4.1-mini,gpt-4o-mini,False,26,14,12,46.154,264,0.042773845635321876,0.04263228850690934,0.004737445230872935,0.00014155712841253804,0.331,0.0007304,0.0007256000000000001,4.7999999999999e-06,5.662285136501591e-05,0.952
cv_data,short,baseline,gpt-3.5-turbo,gpt-4o-mini,False,26,26,0,0.0,0,0.08554769127064375,0.08554769127064375,0.0,0.0,0.0,0.000688,0.000688,0.0,0.0,1.0
cv_data,short,rule_based,gpt-3.5-turbo,gpt-4o-mini,False,26,24,2,7.692,0,0.08554769127064375,0.0855005055611729,0.0,4.7185709470848325e-05,0.055,0.000688,0.000687,1.0000000000000243e-06,1.8874283788342106e-05,1.0
cv_data,short,llm_rewrite,gpt-3.5-turbo,gpt-4o-mini,False,26,14,12,46.154,100,0.08554769127064375,0.08526457701381868,0.0018685540950455007,0.00028311425682507607,0.331,0.000688,0.000682,6.000000000000037e-06,0.00011324570273003182,0.952
cv_data,short,agentic,gpt-3.5-turbo,gpt-4o-mini,False,26,14,12,46.154,264,0.08554769127064375,0.08526457701381868,0.004737445230872935,0.00028311425682507607,0.331,0.000688,0.000682,6.000000000000037e-06,0.00011324570273003182,0.952
email_followup,short,baseline,gpt-4o,gpt-4o-mini,False,27,27,0,0.0,0,0.17114256825075835,0.17114256825075835,0.0,0.0,0.0,0.0045675,0.0045675,0.0,0.0,1.0
email_followup,short,rule_based,gpt-4o,gpt-4o-mini,False,27,20,7,25.926,0,0.17114256825075835,0.17081226828446242,0.0,0.0003302999662959383,0.193,0.0045675,0.00455,1.7500000000000154e-05,0.00013211998651838086,0.979
email_followup,short,llm_rewrite,gpt-4o,gpt-4o-mini,False,27,19,8,29.63,106,0.17114256825075835,0.1707650825749916,0.002255476912706437,0.00037748567576675884,0.221,0.0045675,0.0045475,2.0000000000000052e-05,0.0001509942703066952,0.967
email_followup,short,agentic,gpt-4o,gpt-4o-mini,False,27,19,8,29.63,276,0.17114256825075835,0.1707650825749916,0.005180990899898887,0.00037748567576675884,0.221,0.0045675,0.0045475,2.0000000000000052e-05,0.0001509942703066952,0.967
email_followup,short,baseline,gpt-4o-mini,gpt-4o-mini,False,27,27,0,0.0,0,0.034228513650151664,0.034228513650151664,0.0,0.0,0.0,0.00027405,0.00027405,0.0,0.0,1.0
email_followup,short,rule_based,gpt-4o-mini,gpt-4o-mini,False,27,20,7,25.926,0,0.034228513650151664,0.03416245365689248,0.0,6.605999325918349e-05,0.193,0.00027405,0.000273,1.0499999999999984e-06,2.642399730367652e-05,0.979
email_followup,short,llm_rewrite,gpt-4o-mini,gpt-4o-mini,False,27,19,8,29.63,106,0.034228513650151664,0.034153016514998316,0.002255476912706437,7.54971351533476e-05,0.221,0.00027405,0.00027285000000000005,1.199999999999975e-06,3.0198854061341124e-05,0.967
email_followup,short,agentic,gpt-4o-mini,gpt-4o-mini,False,27,19,8,29.63,276,0.034228513650151664,0.034153016514998316,0.005180990899898887,7.54971351533476e-05,0.221,0.00027405,0.00027285000000000005,1.199999999999975e-06,3.0198854061341124e-05,0.967
email_followup,short,baseline,gpt-4.1-mini,gpt-4o-mini,False,27,27,0,0.0,0,0.04278564206268959,0.04278564206268959,0.0,0.0,0.0,0.0007308,0.0007308,0.0,0.0,1.0
email_followup,short,rule_based,gpt-4.1-mini,gpt-4o-mini,False,27,20,7,25.926,0,0.04278564206268959,0.042703067071115604,0.0,8.257499157398457e-05,0.193,0.0007308,0.000728,2.7999999999999596e-06,3.3029996629595215e-05,0.979
email_followup,short,llm_rewrite,gpt-4.1-mini,gpt-4o-mini,False,27,19,8,29.63,106,0.04278564206268959,0.0426912706437479,0.002255476912706437,9.437141894168971e-05,0.221,0.0007308,0.0007276,3.1999999999999694e-06,3.77485675766738e-05,0.967
email_followup,short,agentic,gpt-4.1-mini,gpt-4o-mini,False,27,19,8,29.63,276,0.04278564206268959,0.0426912706437479,0.005180990899898887,9.437141894168971e-05,0.221,0.0007308,0.0007276,3.1999999999999694e-06,3.77485675766738e-05,0.967
email_followup,short,baseline,gpt-3.5-turbo,gpt-4o-mini,False,27,27,0,0.0,0,0.08557128412537918,0.08557128412537918,0.0,0.0,0.0,0.0006885,0.0006885,0.0,0.0,1.0
email_followup,short,rule_based,gpt-3.5-turbo,gpt-4o-mini,False,27,20,7,25.926,0,0.08557128412537918,0.08540613414223121,0.0,0.00016514998314796914,0.193,0.0006885,0.000685,3.500000000000031e-06,6.605999325919043e-05,0.979
email_followup,short,llm_rewrite,gpt-3.5-turbo,gpt-4o-mini,False,27,19,8,29.63,106,0.08557128412537918,0.0853825412874958,0.002255476912706437,0.00018874283788337942,0.221,0.0006885,0.0006845,3.999999999999989e-06,7.54971351533476e-05,0.967
email_followup,short,agentic,gpt-3.5-turbo,gpt-4o-mini,False,27,19,8,29.63,276,0.08557128412537918,0.0853825412874958,0.005180990899898887,0.00018874283788337942,0.221,0.0006885,0.0006845,3.999999999999989e-06,7.54971351533476e-05,0.967
summary_req,short,baseline,gpt-4o,gpt-4o-mini,False,23,23,0,0.0,0,0.17095382541287496,0.17095382541287496,0.0,0.0,0.0,0.0045575,0.0045575,0.0,0.0,1.0
summary_req,short,rule_based,gpt-4o,gpt-4o-mini,False,23,18,5,21.739,0,0.17095382541287496,0.17071789686552075,0.0,0.00023592854735421387,0.138,0.0045575,0.004545,1.249999999999949e-05,9.437141894168277e-05,0.987
summary_req,short,llm_rewrite,gpt-4o,gpt-4o-mini,False,23,16,7,30.435,99,0.17095382541287496,0.17062352544657905,0.0019912369396697,0.0003302999662959105,0.193,0.0045575,0.00454,1.7500000000000154e-05,0.00013211998651836698,0.968
summary_req,short,agentic,gpt-4o,gpt-4o-mini,False,23,16,7,30.435,263,0.17095382541287496,0.17062352544657905,0.004860128075497135,0.0003302999662959105,0.193,0.0045575,0.00454,1.7500000000000154e-05,0.00013211998651836698,0.968
summary_req,short,baseline,gpt-4o-mini,gpt-4o-mini,False,23,23,0,0.0,0,0.034190765082574986,0.034190765082574986,0.0,0.0,0.0,0.00027345,0.00027345,0.0,0.0,1.0
summary_req,short,rule_based,gpt-4o-mini,gpt-4o-mini,False,23,18,5,21.739,0,0.034190765082574986,0.034143579373104145,0.0,4.7185709470841386e-05,0.138,0.00027345,0.0002727,7.499999999999911e-07,1.8874283788335167e-05,0.987
summary_req,short,llm_rewrite,gpt-4o-mini,gpt-4o-mini,False,23,16,7,30.435,99,0.034190765082574986,0.03412470508931581,0.0019912369396697,6.605999325917655e-05,0.193,0.00027345,0.00027239999999999995,1.0500000000000526e-06,2.642399730366958e-05,0.968
summary_req,short,agentic,gpt-4o-mini,gpt-4o-mini,False,23,16,7,30.435,263,0.034190765082574986,0.03412470508931581,0.004860128075497135,6.605999325917655e-05,0.193,0.00027345,0.00027239999999999995,1.0500000000000526e-06,2.642399730366958e-05,0.968
summary_req,short,baseline,gpt-4.1-mini,gpt-4o-mini,False,23,23,0,0.0,0,0.04273845635321874,0.04273845635321874,0.0,0.0,0.0,0.0007292,0.0007292,0.0,0.0,1.0
summary_req,short,rule_based,gpt-4.1-mini,gpt-4o-mini,False,23,18,5,21.739,0,0.04273845635321874,0.04267947421638019,0.0,5.898213683855347e-05,0.138,0.0007292,0.0007272,2.0000000000000486e-06,2.3592854735420693e-05,0.987
summary_req,short,llm_rewrite,gpt-4.1-mini,gpt-4o-mini,False,23,16,7,30.435,99,0.04273845635321874,0.04265588136164476,0.0019912369396697,8.257499157397763e-05,0.193,0.0007292,0.0007264,2.800000000000068e-06,3.3029996629591746e-05,0.968
summary_req,short,agentic,gpt-4.1-mini,gpt-4o-mini,False,23,16,7,30.435,263,0.04273845635321874,0.04265588136164476,0.004860128075497135,8.257499157397763e-05,0.193,0.0007292,0.0007264,2.800000000000068e-06,3.3029996629591746e-05,0.968
summary_req,short,baseline,gpt-3.5-turbo,gpt-4o-mini,False,23,23,0,0.0,0,0.08547691270643748,0.08547691270643748,0.0,0.0,0.0,0.0006865,0.0006865,0.0,0.0,1.0
summary_req,short,rule_based,gpt-3.5-turbo,gpt-4o-mini,False,23,18,5,21.739,0,0.08547691270643748,0.08535894843276037,0.0,0.00011796427367710693,0.138,0.0006865,0.000684,2.5000000000000066e-06,4.7185709470841386e-05,0.987
summary_req,short,llm_rewrite,gpt-3.5-turbo,gpt-4o-mini,False,23,16,7,30.435,99,0.08547691270643748,0.08531176272328952,0.0019912369396697,0.00016514998314795526,0.193,0.0006865,0.000683,3.500000000000031e-06,6.605999325918349e-05,0.968
summary_req,short,agentic,gpt-3.5-turbo,gpt-4o-mini,False,23,16,7,30.435,263,0.08547691270643748,0.08531176272328952,0.004860128075497135,0.00016514998314795526,0.193,0.0006865,0.000683,3.500000000000031e-06,6.605999325918349e-05,0.968
translate,short,baseline,gpt-4o,gpt-4o-mini,False,28,28,0,0.0,0,0.1711897539602292,0.1711897539602292,0.0,0.0,0.0,0.00457,0.00457,0.0,0.0,1.0
translate,short,rule_based,gpt-4o,gpt-4o-mini,False,28,24,4,14.286,0,0.1711897539602292,0.1710010111223458,0.0,0.0001887428378833933,0.11,0.00457,0.00456,1.000000000000046e-05,7.549713515336842e-05,0.993
translate,short,llm_rewrite,gpt-4o,gpt-4o-mini,False,28,20,8,28.571,108,0.1711897539602292,0.17081226828446242,0.0023404111897539605,0.0003774856757667866,0.221,0.00457,0.00455,2.0000000000000052e-05,0.00015099427030672297,0.979
translate,short,agentic,gpt-4o,gpt-4o-mini,False,28,20,8,28.571,280,0.1711897539602292,0.17081226828446242,0.005284799460734749,0.0003774856757667866,0.221,0.00457,0.00455,2.0000000000000052e-05,0.00015099427030672297,0.979
translate,short,baseline,gpt-4o-mini,gpt-4o-mini,False,28,28,0,0.0,0,0.034237950792045835,0.034237950792045835,0.0,0.0,0.0,0.0002742,0.0002742,0.0,0.0,1.0
translate,short,rule_based,gpt-4o-mini,gpt-4o-mini,False,28,24,4,14.286,0,0.034237950792045835,0.03420020222446916,0.0,3.774856757667727e-05,0.11,0.0002742,0.00027360000000000004,5.999999999999604e-07,1.5099427030670562e-05,0.993
translate,short,llm_rewrite,gpt-4o-mini,gpt-4o-mini,False,28,20,8,28.571,108,0.034237950792045835,0.03416245365689248,0.0023404111897539605,7.549713515335454e-05,0.221,0.0002742,0.000273,1.199999999999975e-06,3.019885406134286e-05,0.979
translate,short,agentic,gpt-4o-mini,gpt-4o-mini,False,28,20,8,28.571,280,0.034237950792045835,0.03416245365689248,0.005284799460734749,7.549713515335454e-05,0.221,0.0002742,0.000273,1.199999999999975e-06,3.019885406134286e-05,0.979
translate,short,baseline,gpt-4.1-mini,gpt-4o-mini,False,28,28,0,0.0,0,0.0427974384900573,0.0427974384900573,0.0,0.0,0.0,0.0007312,0.0007312,0.0,0.0,1.0
translate,short,rule_based,gpt-4.1-mini,gpt-4o-mini,False,28,24,4,14.286,0,0.0427974384900573,0.04275025278058645,0.0,4.7185709470848325e-05,0.11,0.0007312,0.0007296000000000001,1.5999999999999305e-06,1.8874283788342106e-05,0.993
translate,short,llm_rewrite,gpt-4.1-mini,gpt-4o-mini,False,28,20,8,28.571,108,0.0427974384900573,0.042703067071115604,0.0023404111897539605,9.437141894169665e-05,0.221,0.0007312,0.000728,3.1999999999999694e-06,3.774856757668074e-05,0.979
translate,short,agentic,gpt-4.1-mini,gpt-4o-mini,False,28,20,8,28.571,280,0.0427974384900573,0.042703067071115604,0.005284799460734749,9.437141894169665e-05,0.221,0.0007312,0.000728,3.1999999999999694e-06,3.774856757668074e-05,0.979
translate,short,baseline,gpt-3.5-turbo,gpt-4o-mini,False,28,28,0,0.0,0,0.0855948769801146,0.0855948769801146,0.0,0.0,0.0,0.000689,0.000689,0.0,0.0,1.0
translate,short,rule_based,gpt-3.5-turbo,gpt-4o-mini,False,28,24,4,14.286,0,0.0855948769801146,0.0855005055611729,0.0,9.437141894169665e-05,0.11,0.000689,0.000687,2.0000000000000486e-06,3.774856757668421e-05,0.993
translate,short,llm_rewrite,gpt-3.5-turbo,gpt-4o-mini,False,28,20,8,28.571,108,0.0855948769801146,0.08540613414223121,0.0023404111897539605,0.0001887428378833933,0.221,0.000689,0.000685,4.000000000000097e-06,7.549713515336148e-05,0.979
translate,short,agentic,gpt-3.5-turbo,gpt-4o-mini,False,28,20,8,28.571,280,0.0855948769801146,0.08540613414223121,0.005284799460734749,0.0001887428378833933,0.221,0.000689,0.000685,4.000000000000097e-06,7.549713515336148e-05,0.979
regex_help,short,baseline,gpt-4o,gpt-4o-mini,False,26,26,0,0.0,0,0.1710953825412875,0.1710953825412875,0.0,0.0,0.0,0.004565,0.004565,0.0,0.0,1.0
regex_help,short,rule_based,gpt-4o,gpt-4o-mini,False,26,21,5,19.231,0,0.1710953825412875,0.17085945399393326,0.0,0.00023592854735424162,0.138,0.004565,0.0045525,1.249999999999949e-05,9.437141894169665e-05,0.99
regex_help,short,llm_rewrite,gpt-4o,gpt-4o-mini,False,26,15,11,42.308,101,0.1710953825412875,0.1705763397371082,0.001944051230198854,0.0005190428041793038,0.303,0.004565,0.0045375,2.7499999999999747e-05,0.00020761712167170765,0.947
regex_help,short,agentic,gpt-4o,gpt-4o-mini,False,26,15,11,42.308,267,0.1710953825412875,0.1705763397371082,0.0048318166498146275,0.0005190428041793038,0.303,0.004565,0.0045375,2.7499999999999747e-05,0.00020761712167170765,0.947
regex_help,short,baseline,gpt-4o-mini,gpt-4o-mini,False,26,26,0,0.0,0,0.03421907650825749,0.03421907650825749,0.0,0.0,0.0,0.0002739,0.0002739,0.0,0.0,1.0
regex_help,short,rule_based,gpt-4o-mini,gpt-4o-mini,False,26,21,5,19.231,0,0.03421907650825749,0.03417189079878665,0.0,4.7185709470841386e-05,0.138,0.0002739,0.00027315,7.499999999999911e-07,1.88742837883369e-05,0.99
regex_help,short,llm_rewrite,gpt-4o-mini,gpt-4o-mini,False,26,15,11,42.308,101,0.03421907650825749,0.03411526794742164,0.001944051230198854,0.00010380856083585382,0.303,0.0002739,0.00027225,1.650000000000013e-06,4.152342433434188e-05,0.947
regex_help,short,agentic,gpt-4o-mini,gpt-4o-mini,False,26,15,11,42.308,267,0.03421907650825749,0.03411526794742164,0.0048318166498146275,0.00010380856083585382,0.303,0.0002739,0.00027225,1.650000000000013e-06,4.152342433434188e-05,0.947
regex_help,short,baseline,gpt-4.1-mini,gpt-4o-mini,False,26,26,0,0.0,0,0.042773845635321876,0.042773845635321876,0.0,0.0,0.0,0.0007304,0.0007304,0.0,0.0,1.0
regex_help,short,rule_based,gpt-4.1-mini,gpt-4o-mini,False,26,21,5,19.231,0,0.042773845635321876,0.042714863498483316,0.0,5.8982136838560406e-05,0.138,0.0007304,0.0007283999999999999,2.0000000000000486e-06,2.3592854735424162e-05,0.99
regex_help,short,llm_rewrite,gpt-4.1-mini,gpt-4o-mini,False,26,15,11,42.308,101,0.042773845635321876,0.04264408493427705,0.001944051230198854,0.00012976070104482595,0.303,0.0007304,0.000726,4.3999999999999985e-06,5.190428041792691e-05,0.947
regex_help,short,agentic,gpt-4.1-mini,gpt-4o-mini,False,26,15,11,42.308,267,0.042773845635321876,0.04264408493427705,0.0048318166498146275,0.00012976070104482595,0.303,0.0007304,0.000726,4.3999999999999985e-06,5.190428041792691e-05,0.947
regex_help,short,baseline,gpt-3.5-turbo,gpt-4o-mini,False,26,26,0,0.0,0,0.08554769127064375,0.08554769127064375,0.0,0.0,0.0,0.000688,0.000688,0.0,0.0,1.0
regex_help,short,rule_based,gpt-3.5-turbo,gpt-4o-mini,False,26,21,5,19.231,0,0.08554769127064375,0.08542972699696663,0.0,0.00011796427367712081,0.138,0.000688,0.0006855,2.5000000000000066e-06,4.7185709470848325e-05,0.99
regex_help,short,llm_rewrite,gpt-3.5-turbo,gpt-4o-mini,False,26,15,11,42.308,101,0.08554769127064375,0.0852881698685541,0.001944051230198854,0.0002595214020896519,0.303,0.000688,0.0006825,5.5000000000000795e-06,0.00010380856083585382,0.947
regex_help,short,agentic,gpt-3.5-turbo,gpt-4o-mini,False,26,15,11,42.308,267,0.08554769127064375,0.0852881698685541,0.0048318166498146275,0.0002595214020896519,0.303,0.000688,0.0006825,5.5000000000000795e-06,0.00010380856083585382,0.947
sys_support,system,baseline,gpt-4o,gpt-4o-mini,False,127,127,0,0.0,0,0.17586113919784294,0.17586113919784294,0.0,0.0,0.0,0.0048175,0.0048175,0.0,0.0,1.0
sys_support,system,rule_based,gpt-4o,gpt-4o-mini,False,127,120,7,5.512,0,0.17586113919784294,0.17553083923154703,0.0,0.0003302999662959105,0.188,0.0048175,0.0048,1.7500000000000154e-05,0.0001321199865183531,1.0
sys_support,system,llm_rewrite,gpt-4o,gpt-4o-mini,False,127,101,26,20.472,288,0.17586113919784294,0.17463431075160094,0.009389956184698348,0.001226828446242001,0.698,0.0048175,0.0047525,6.499999999999995e-05,0.0004907313784967837,0.862
sys_support,system,agentic,gpt-4o,gpt-4o-mini,False,127,101,26,20.472,641,0.17586113919784294,0.17463431075160094,0.014042467138523761,0.001226828446242001,0.698,0.0048175,0.0047525,6.499999999999995e-05,0.0004907313784967837,0.862
sys_support,system,baseline,gpt-4o-mini,gpt-4o-mini,False,127,127,0,0.0,0,0.03517222783956859,0.03517222783956859,0.0,0.0,0.0,0.00028905,0.00028905,0.0,0.0,1.0
sys_support,system,rule_based,gpt-4o-mini,gpt-4o-mini,False,127,120,7,5.512,0,0.03517222783956859,0.0351061678463094,0.0,6.605999325919043e-05,0.188,0.00028905,0.000288,1.0499999999999984e-06,2.642399730367652e-05,1.0
sys_support,system,llm_rewrite,gpt-4o-mini,gpt-4o-mini,False,127,101,26,20.472,288,0.03517222783956859,0.03492686215032018,0.009389956184698348,0.00024536568924840574,0.698,0.00028905,0.00028514999999999997,3.900000000000041e-06,9.814627569936299e-05,0.862
sys_support,system,agentic,gpt-4o-mini,gpt-4o-mini,False,127,101,26,20.472,641,0.03517222783956859,0.03492686215032018,0.014042467138523761,0.00024536568924840574,0.698,0.00028905,0.00028514999999999997,3.900000000000041e-06,9.814627569936299e-05,0.862
sys_support,system,baseline,gpt-4.1-mini,gpt-4o-mini,False,127,127,0,0.0,0,0.043965284799460734,0.043965284799460734,0.0,0.0,0.0,0.0007708,0.0007708,0.0,0.0,1.0
sys_support,system,rule_based,gpt-4.1-mini,gpt-4o-mini,False,127,120,7,5.512,0,0.043965284799460734,0.043882709807886756,0.0,8.257499157397763e-05,0.188,0.0007708,0.000768,2.7999999999999596e-06,3.3029996629588276e-05,1.0
sys_support,system,llm_rewrite,gpt-4.1-mini,gpt-4o-mini,False,127,101,26,20.472,288,0.043965284799460734,0.043658577687900234,0.009389956184698348,0.00030670711156050023,0.698,0.0007708,0.0007603999999999999,1.0400000000000036e-05,0.00012268284462419593,0.862
sys_support,system,agentic,gpt-4.1-mini,gpt-4o-mini,False,127,101,26,20.472,641,0.043965284799460734,0.043658577687900234,0.014042467138523761,0.00030670711156050023,0.698,0.0007708,0.0007603999999999999,1.0400000000000036e-05,0.00012268284462419593,0.862
sys_support,system,baseline,gpt-3.5-turbo,gpt-4o-mini,False,127,127,0,0.0,0,0.08793056959892147,0.08793056959892147,0.0,0.0,0.0,0.0007385,0.0007385,0.0,0.0,1.0
sys_support,system,rule_based,gpt-3.5-turbo,gpt-4o-mini,False,127,120,7,5.512,0,0.08793056959892147,0.08776541961577351,0.0,0.00016514998314795526,0.188,0.0007385,0.000735,3.500000000000031e-06,6.605999325917655e-05,1.0
sys_support,system,llm_rewrite,gpt-3.5-turbo,gpt-4o-mini,False,127,101,26,20.472,288,0.08793056959892147,0.08731715537580047,0.009389956184698348,0.0006134142231210005,0.698,0.0007385,0.0007255,1.299999999999999e-05,0.00024536568924839186,0.862
sys_support,system,agentic,gpt-3.5-turbo,gpt-4o-mini,False,127,101,26,20.472,641,0.08793056959892147,0.08731715537580047,0.014042467138523761,0.0006134142231210005,0.698,0.0007385,0.0007255,1.299999999999999e-05,0.00024536568924839186,0.862
sys_coder,system,baseline,gpt-4o,gpt-4o-mini,False,116,116,0,0.0,0,0.17534209639366363,0.17534209639366363,0.0,0.0,0.0,0.00479,0.00479,0.0,0.0,1.0
sys_coder,system,rule_based,gpt-4o,gpt-4o-mini,False,116,111,5,4.31,0,0.17534209639366363,0.1751061678463094,0.0,0.00023592854735424162,0.135,0.00479,0.0047775,1.2500000000000358e-05,9.437141894169665e-05,1.0
sys_coder,system,llm_rewrite,gpt-4o,gpt-4o-mini,False,116,94,22,18.966,270,0.17534209639366363,0.17430401078530502,0.008757667677789013,0.0010380856083586076,0.592,0.00479,0.004735,5.500000000000036e-05,0.00041523424334345693,0.907
sys_coder,system,agentic,gpt-4o,gpt-4o-mini,False,116,94,22,18.966,605,0.17534209639366363,0.17430401078530502,0.01324031007751938,0.0010380856083586076,0.592,0.00479,0.004735,5.500000000000036e-05,0.00041523424334345693,0.907
sys_coder,system,baseline,gpt-4o-mini,gpt-4o-mini,False,116,116,0,0.0,0,0.03506841927873272,0.03506841927873272,0.0,0.0,0.0,0.0002874,0.0002874,0.0,0.0,1.0
sys_coder,system,rule_based,gpt-4o-mini,gpt-4o-mini,False,116,111,5,4.31,0,0.03506841927873272,0.03502123356926188,0.0,4.7185709470841386e-05,0.135,0.0002874,0.00028665,7.499999999999911e-07,1.88742837883369e-05,1.0
sys_coder,system,llm_rewrite,gpt-4o-mini,gpt-4o-mini,False,116,94,22,18.966,270,0.03506841927873272,0.034860802157061,0.008757667677789013,0.00020761712167172153,0.592,0.0002874,0.0002841,3.299999999999972e-06,8.304684866868896e-05,0.907
sys_coder,system,agentic,gpt-4o-mini,gpt-4o-mini,False,116,94,22,18.966,605,0.03506841927873272,0.034860802157061,0.01324031007751938,0.00020761712167172153,0.592,0.0002874,0.0002841,3.299999999999972e-06,8.304684866868896e-05,0.907
sys_coder,system,baseline,gpt-4.1-mini,gpt-4o-mini,False,116,116,0,0.0,0,0.04383552409841591,0.04383552409841591,0.0,0.0,0.0,0.0007664,0.0007664,0.0,0.0,1.0
sys_coder,system,rule_based,gpt-4.1-mini,gpt-4o-mini,False,116,111,5,4.31,0,0.04383552409841591,0.04377654196157735,0.0,5.8982136838560406e-05,0.135,0.0007664,0.0007643999999999999,2.0000000000000486e-06,2.3592854735424162e-05,1.0
sys_coder,system,llm_rewrite,gpt-4.1-mini,gpt-4o-mini,False,116,94,22,18.966,270,0.04383552409841591,0.043576002696326256,0.008757667677789013,0.0002595214020896519,0.592,0.0007664,0.0007576,8.799999999999997e-06,0.00010380856083586423,0.907
sys_coder,system,agentic,gpt-4.1-mini,gpt-4o-mini,False,116,94,22,18.966,605,0.04383552409841591,0.043576002696326256,0.01324031007751938,0.0002595214020896519,0.592,0.0007664,0.0007576,8.799999999999997e-06,0.00010380856083586423,0.907
sys_coder,system,baseline,gpt-3.5-turbo,gpt-4o-mini,False,116,116,0,0.0,0,0.08767104819683182,0.08767104819683182,0.0,0.0,0.0,0.000733,0.000733,0.0,0.0,1.0
sys_coder,system,rule_based,gpt-3.5-turbo,gpt-4o-mini,False,116,111,5,4.31,0,0.08767104819683182,0.0875530839231547,0.0,0.00011796427367712081,0.135,0.000733,0.0007305,2.5000000000000066e-06,4.7185709470848325e-05,1.0
sys_coder,system,llm_rewrite,gpt-3.5-turbo,gpt-4o-mini,False,116,94,22,18.966,270,0.08767104819683182,0.08715200539265251,0.008757667677789013,0.0005190428041793038,0.592,0.000733,0.000722,1.100000000000005e-05,0.00020761712167172847,0.907
sys_coder,system,agentic,gpt-3.5-turbo,gpt-4o-mini,False,116,94,22,18.966,605,0.08767104819683182,0.08715200539265251,0.01324031007751938,0.0005190428041793038,0.592,0.000733,0.000722,1.100000000000005e-05,0.00020761712167172847,0.907
rag_context,rag,baseline,gpt-4o,gpt-4o-mini,False,161,161,0,0.0,0,0.17746545331985172,0.17746545331985172,0.0,0.0,0.0,0.0049025,0.0049025,0.0,0.0,1.0
rag_context,rag,rule_based,gpt-4o,gpt-4o-mini,False,161,157,4,2.484,0,0.17746545331985172,0.17727671048196833,0.0,0.0001887428378833933,0.106,0.0049025,0.0048925,9.999999999999593e-06,7.549713515336842e-05,1.0
rag_context,rag,llm_rewrite,gpt-4o,gpt-4o-mini,False,161,137,24,14.907,358,0.17746545331985172,0.17633299629255142,0.012428715874620829,0.0011324570273003043,0.638,0.0049025,0.0048425,6.000000000000016e-05,0.00045298281092014114,0.865
rag_context,rag,agentic,gpt-4o,gpt-4o-mini,False,161,137,24,14.907,781,0.17746545331985172,0.17633299629255142,0.017741826761038085,0.0011324570273003043,0.638,0.0049025,0.0048425,6.000000000000016e-05,0.00045298281092014114,0.865
rag_context,rag,baseline,gpt-4o-mini,gpt-4o-mini,False,161,161,0,0.0,0,0.03549309066397034,0.03549309066397034,0.0,0.0,0.0,0.00029414999999999997,0.00029414999999999997,0.0,0.0,1.0
rag_context,rag,rule_based,gpt-4o-mini,gpt-4o-mini,False,161,157,4,2.484,0,0.03549309066397034,0.035455342096393665,0.0,3.774856757667727e-05,0.106,0.00029414999999999997,0.00029355,5.999999999999604e-07,1.5099427030670562e-05,1.0
rag_context,rag,llm_rewrite,gpt-4o-mini,gpt-4o-mini,False,161,137,24,14.907,358,0.03549309066397034,0.03526659925851028,0.012428715874620829,0.00022649140546006363,0.638,0.00029414999999999997,0.00029055,3.599999999999979e-06,9.05965621840251e-05,0.865
rag_context,rag,agentic,gpt-4o-mini,gpt-4o-mini,False,161,137,24,14.907,781,0.03549309066397034,0.03526659925851028,0.017741826761038085,0.00022649140546006363,0.638,0.00029414999999999997,0.00029055,3.599999999999979e-06,9.05965621840251e-05,0.865
rag_context,rag,baseline,gpt-4.1-mini,gpt-4o-mini,False,161,161,0,0.0,0,0.04436636332996293,0.04436636332996293,0.0,0.0,0.0,0.0007844,0.0007844,0.0,0.0,1.0
rag_context,rag,rule_based,gpt-4.1-mini,gpt-4o-mini,False,161,157,4,2.484,0,0.04436636332996293,0.04431917762049208,0.0,4.7185709470848325e-05,0.106,0.0007844,0.0007827999999999999,1.6000000000000389e-06,1.8874283788342106e-05,1.0
rag_context,rag,llm_rewrite,gpt-4.1-mini,gpt-4o-mini,False,161,137,24,14.907,358,0.04436636332996293,0.044083249073137855,0.012428715874620829,0.00028311425682507607,0.638,0.0007844,0.0007748,9.600000000000017e-06,0.00011324570273003529,0.865
rag_context,rag,agentic,gpt-4.1-mini,gpt-4o-mini,False,161,137,24,14.907,781,0.04436636332996293,0.044083249073137855,0.017741826761038085,0.00028311425682507607,0.638,0.0007844,0.0007748,9.600000000000017e-06,0.00011324570273003529,0.865
rag_context,rag,baseline,gpt-3.5-turbo,gpt-4o-mini,False,161,161,0,0.0,0,0.08873272665992586,0.08873272665992586,0.0,0.0,0.0,0.0007555,0.0007555,0.0,0.0,1.0
rag_context,rag,rule_based,gpt-3.5-turbo,gpt-4o-mini,False,161,157,4,2.484,0,0.08873272665992586,0.08863835524098417,0.0,9.437141894169665e-05,0.106,0.0007555,0.0007535,1.99999999999994e-06,3.774856757668421e-05,1.0
rag_context,rag,llm_rewrite,gpt-3.5-turbo,gpt-4o-mini,False,161,137,24,14.907,358,0.08873272665992586,0.08816649814627571,0.012428715874620829,0.0005662285136501521,0.638,0.0007555,0.0007435,1.1999999999999966e-05,0.00022649140546007057,0.865
rag_context,rag,agentic,gpt-3.5-turbo,gpt-4o-mini,False,161,137,24,14.907,781,0.08873272665992586,0.08816649814627571,0.017741826761038085,0.0005662285136501521,0.638,0.0007555,0.0007435,1.1999999999999966e-05,0.00022649140546007057,0.865
fewshot_sentiment,fewshot,baseline,gpt-4o,gpt-4o-mini,False,159,159,0,0.0,0,0.17737108190091003,0.17737108190091003,0.0,0.0,0.0,0.0048975,0.0048975,0.0,0.0,1.0
fewshot_sentiment,fewshot,rule_based,gpt-4o,gpt-4o-mini,False,159,156,3,1.887,0,0.17737108190091003,0.17722952477249748,0.0,0.00014155712841254497,0.08,0.0048975,0.00489,7.499999999999694e-06,5.6622851365026317e-05,1.0
fewshot_sentiment,fewshot,llm_rewrite,gpt-4o,gpt-4o-mini,False,159,140,19,11.95,359,0.17737108190091003,0.17647455342096394,0.012636332996292552,0.0008965284799460904,0.505,0.0048975,0.00485,4.74999999999998e-05,0.0003586113919784445,0.886
fewshot_sentiment,fewshot,agentic,gpt-4o,gpt-4o-mini,False,159,140,19,11.95,783,0.17737108190091003,0.17647455342096394,0.017958881024603978,0.0008965284799460904,0.505,0.0048975,0.00485,4.74999999999998e-05,0.0003586113919784445,0.886
fewshot_sentiment,fewshot,baseline,gpt-4o-mini,gpt-4o-mini,False,159,159,0,0.0,0,0.035474216380182,0.035474216380182,0.0,0.0,0.0,0.00029385,0.00029385,0.0,0.0,1.0
fewshot_sentiment,fewshot,rule_based,gpt-4o-mini,gpt-4o-mini,False,159,156,3,1.887,0,0.035474216380182,0.035445904954499494,0.0,2.831142568250622e-05,0.08,0.00029385,0.0002934,4.5000000000003804e-07,1.1324570273002488e-05,1.0
fewshot_sentiment,fewshot,llm_rewrite,gpt-4o-mini,gpt-4o-mini,False,159,140,19,11.95,359,0.035474216380182,0.035294910684192785,0.012636332996292552,0.0001793056959892153,0.505,0.00029385,0.000291,2.849999999999988e-06,7.17222783956882e-05,0.886
fewshot_sentiment,fewshot,agentic,gpt-4o-mini,gpt-4o-mini,False,159,140,19,11.95,783,0.035474216380182,0.035294910684192785,0.017958881024603978,0.0001793056959892153,0.505,0.00029385,0.000291,2.849999999999988e-06,7.17222783956882e-05,0.886
fewshot_sentiment,fewshot,baseline,gpt-4.1-mini,gpt-4o-mini,False,159,159,0,0.0,0,0.04434277047522751,0.04434277047522751,0.0,0.0,0.0,0.0007836000000000001,0.0007836000000000001,0.0,0.0,1.0
fewshot_sentiment,fewshot,rule_based,gpt-4.1-mini,gpt-4o-mini,False,159,156,3,1.887,0,0.04434277047522751,0.04430738119312437,0.0,3.5389282103136244e-05,0.08,0.0007836000000000001,0.0007823999999999999,1.2000000000001376e-06,1.4155712841256579e-05,1.0
fewshot_sentiment,fewshot,llm_rewrite,gpt-4.1-mini,gpt-4o-mini,False,159,140,19,11.95,359,0.04434277047522751,0.044118638355240984,0.012636332996292552,0.0002241321199865226,0.505,0.0007836000000000001,0.000776,7.600000000000076e-06,8.965284799461112e-05,0.886
fewshot_sentiment,fewshot,agentic,gpt-4.1-mini,gpt-4o-mini,False,159,140,19,11.95,783,0.04434277047522751,0.044118638355240984,0.017958881024603978,0.0002241321199865226,0.505,0.0007836000000000001,0.000776,7.600000000000076e-06,8.965284799461112e-05,0.886
fewshot_sentiment,fewshot,baseline,gpt-3.5-turbo,gpt-4o-mini,False,159,159,0,0.0,0,0.08868554095045501,0.08868554095045501,0.0,0.0,0.0,0.0007545,0.0007545,0.0,0.0,1.0
fewshot_sentiment,fewshot,rule_based,gpt-3.5-turbo,gpt-4o-mini,False,159,156,3,1.887,0,0.08868554095045501,0.08861476238624874,0.0,7.077856420627249e-05,0.08,0.0007545,0.000753,1.4999999999999823e-06,2.8311425682513158e-05,1.0
fewshot_sentiment,fewshot,llm_rewrite,gpt-3.5-turbo,gpt-4o-mini,False,159,140,19,11.95,359,0.08868554095045501,0.08823727671048197,0.012636332996292552,0.0004482642399730452,0.505,0.0007545,0.000745,9.49999999999996e-06,0.00017930569598922225,0.886
fewshot_sentiment,fewshot,agentic,gpt-3.5-turbo,gpt-4o-mini,False,159,140,19,11.95,783,0.08868554095045501,0.08823727671048197,0.017958881024603978,0.0004482642399730452,0.505,0.0007545,0.000745,9.49999999999996e-06,0.00017930569598922225,0.886
instructions_long,system,baseline,gpt-4o,gpt-4o-mini,False,154,154,0,0.0,0,0.17713515335355579,0.17713515335355579,0.0,0.0,0.0,0.004885,0.004885,0.0,0.0,1.0
instructions_long,system,rule_based,gpt-4o,gpt-4o-mini,False,154,147,7,4.545,0,0.17713515335355579,0.17680485338725987,0.0,0.0003302999662959105,0.186,0.004885,0.0048675,1.7499999999999287e-05,0.00013211998651836698,1.0
instructions_long,system,llm_rewrite,gpt-4o,gpt-4o-mini,False,154,119,35,22.727,333,0.17713515335355579,0.17548365352207618,0.011003707448601279,0.001651499831479608,0.932,0.004885,0.0047975,8.74999999999999e-05,0.0006605999325918488,0.814
instructions_long,system,agentic,gpt-4o,gpt-4o-mini,False,154,119,35,22.727,731,0.17713515335355579,0.17548365352207618,0.016080889787664306,0.001651499831479608,0.932,0.004885,0.0047975,8.74999999999999e-05,0.0006605999325918488,0.814
instructions_long,system,baseline,gpt-4o-mini,gpt-4o-mini,False,154,154,0,0.0,0,0.03542703067071115,0.03542703067071115,0.0,0.0,0.0,0.0002931,0.0002931,0.0,0.0,1.0
instructions_long,system,rule_based,gpt-4o-mini,gpt-4o-mini,False,154,147,7,4.545,0,0.03542703067071115,0.03536097067745197,0.0,6.605999325918349e-05,0.186,0.0002931,0.00029205,1.0499999999999984e-06,2.642399730367305e-05,1.0
instructions_long,system,llm_rewrite,gpt-4o-mini,gpt-4o-mini,False,154,119,35,22.727,333,0.03542703067071115,0.035096730704415234,0.011003707448601279,0.00033029996629591746,0.932,0.0002931,0.00028785000000000003,5.249999999999992e-06,0.00013211998651836872,0.814
instructions_long,system,agentic,gpt-4o-mini,gpt-4o-mini,False,154,119,35,22.727,731,0.03542703067071115,0.035096730704415234,0.016080889787664306,0.00033029996629591746,0.932,0.0002931,0.00028785000000000003,5.249999999999992e-06,0.00013211998651836872,0.814
instructions_long,system,baseline,gpt-4.1-mini,gpt-4o-mini,False,154,154,0,0.0,0,0.044283788338388946,0.044283788338388946,0.0,0.0,0.0,0.0007816,0.0007816,0.0,0.0,1.0
instructions_long,system,rule_based,gpt-4.1-mini,gpt-4o-mini,False,154,147,7,4.545,0,0.044283788338388946,0.04420121334681497,0.0,8.257499157397763e-05,0.186,0.0007816,0.0007788,2.800000000000068e-06,3.3029996629591746e-05,1.0
instructions_long,system,llm_rewrite,gpt-4.1-mini,gpt-4o-mini,False,154,119,35,22.727,333,0.044283788338388946,0.043870913380519044,0.011003707448601279,0.000412874957869902,0.932,0.0007816,0.0007676,1.4000000000000015e-05,0.0001651499831479622,0.814
instructions_long,system,agentic,gpt-4.1-mini,gpt-4o-mini,False,154,119,35,22.727,731,0.044283788338388946,0.043870913380519044,0.016080889787664306,0.000412874957869902,0.932,0.0007816,0.0007676,1.4000000000000015e-05,0.0001651499831479622,0.814
instructions_long,system,baseline,gpt-3.5-turbo,gpt-4o-mini,False,154,154,0,0.0,0,0.08856757667677789,0.08856757667677789,0.0,0.0,0.0,0.000752,0.000752,0.0,0.0,1.0
instructions_long,system,rule_based,gpt-3.5-turbo,gpt-4o-mini,False,154,147,7,4.545,0,0.08856757667677789,0.08840242669362994,0.0,0.00016514998314795526,0.186,0.000752,0.0007485,3.4999999999999224e-06,6.605999325918349e-05,1.0
instructions_long,system,llm_rewrite,gpt-3.5-turbo,gpt-4o-mini,False,154,119,35,22.727,333,0.08856757667677789,0.08774182676103809,0.011003707448601279,0.000825749915739804,0.932,0.000752,0.0007345,1.7499999999999937e-05,0.0003302999662959244,0.814
instructions_long,system,agentic,gpt-3.5-turbo,gpt-4o-mini,False,154,119,35,22.727,731,0.08856757667677789,0.08774182676103809,0.016080889787664306,0.000825749915739804,0.932,0.000752,0.0007345,1.7499999999999937e-05,0.0003302999662959244,0.814
